mssv,ten,gioitinh,lop,sotien
18120626,Quang Truong,Nam,18ctt4,36.666666666666664
18120507,Cong Phu,Nam,18ctt4,30
18120517,Binh Phuong,Nam,18ctt4,30
18120516,Trong Phuong,Nam,18ctt4,36.666666666666664
18120514,ThienPhuc,Nam,18ctt4,50
18120513,Binh Phuong,Nam,18ctt4,36.666666666666664
18120514,ThienPhuc,Nam,18ctt4,50
18120626,Quang Truong,Nam,18ctt4,36.666666666666664
18120517,Binh Phuong,Nam,18ctt4,30
18120517,Binh Phuong,Nam,18ctt4,30
